,id,season,gameType,gameDate,neutralSite,startTimeUTC,easternUTCOffset,venueUTCOffset,venueTimezone,gameState,gameScheduleState,tvBroadcasts,ticketsLink,gameCenterLink,venue.default,awayTeam.id,awayTeam.placeName.default,awayTeam.abbrev,awayTeam.logo,awayTeam.darkLogo,awayTeam.awaySplitSquad,awayTeam.radioLink,homeTeam.id,homeTeam.placeName.default,homeTeam.abbrev,homeTeam.logo,homeTeam.darkLogo,homeTeam.homeSplitSquad,homeTeam.radioLink,periodDescriptor.periodType,periodDescriptor.maxRegulationPeriods,awayTeam.airlineLink,awayTeam.airlineDesc,awayTeam.hotelLink,awayTeam.hotelDesc,homeTeam.placeName.fr,homeTeam.promoLink,homeTeam.promoDesc,homeTeam.airlineLink,homeTeam.airlineDesc,homeTeam.hotelLink,homeTeam.hotelDesc,awayTeam.placeName.fr,awayTeam.promoDesc,venue.fr,awayTeam.promoLink,venue.es
0,2024020006,20242025,2,2024-10-09,False,2024-10-09T23:00:00Z,-04:00,-04:00,America/Montreal,FUT,OK,"[{'id': 282, 'market': 'N', 'countryCode': 'CA', 'network': 'SN', 'sequenceNumber': 21}]",https://www.nhl.com/canadiens/tickets/,/gamecenter/tor-vs-mtl/2024/10/09/2024020006,Centre Bell,10,Toronto,TOR,https://assets.nhle.com/logos/nhl/svg/TOR_light.svg,https://assets.nhle.com/logos/nhl/svg/TOR_dark.svg,False,https://d2igy0yla8zi0u.cloudfront.net/TOR/20242025/TOR-radio.m3u8,8,Montréal,MTL,https://assets.nhle.com/logos/nhl/svg/MTL_light.svg,https://assets.nhle.com/logos/nhl/svg/MTL_dark.svg,False,https://d2igy0yla8zi0u.cloudfront.net/MTL/20242025/MTL-radio.m3u8,REG,3,,,,,,,,,,,,,,,,
1,2024020015,20242025,2,2024-10-10,False,2024-10-10T23:00:00Z,-04:00,-04:00,US/Eastern,FUT,OK,[],https://www.nhl.com/devils/tickets/,/gamecenter/tor-vs-njd/2024/10/10/2024020015,Prudential Center,10,Toronto,TOR,https://assets.nhle.com/logos/nhl/svg/TOR_light.svg,https://assets.nhle.com/logos/nhl/svg/TOR_dark.svg,False,https://d2igy0yla8zi0u.cloudfront.net/TOR/20242025/TOR-radio.m3u8,1,New Jersey,NJD,https://assets.nhle.com/logos/nhl/svg/NJD_light.svg,https://assets.nhle.com/logos/nhl/svg/NJD_dark.svg,False,https://d2igy0yla8zi0u.cloudfront.net/NJD/20242025/NJD-radio.m3u8,REG,3,,,,,,,,,,,,,,,,
2,2024020026,20242025,2,2024-10-12,False,2024-10-12T23:00:00Z,-04:00,-04:00,America/Toronto,FUT,OK,"[{'id': 282, 'market': 'N', 'countryCode': 'CA', 'network': 'SN', 'sequenceNumber': 21}, {'id': 280, 'market': 'N', 'countryCode': 'CA', 'network': 'HNIC', 'sequenceNumber': 24}]",https://www.nhl.com/mapleleafs/tickets/,/gamecenter/pit-vs-tor/2024/10/12/2024020026,Scotiabank Arena,5,Pittsburgh,PIT,https://assets.nhle.com/logos/nhl/svg/PIT_light.svg,https://assets.nhle.com/logos/nhl/svg/PIT_dark.svg,False,https://d2igy0yla8zi0u.cloudfront.net/PIT/20242025/PIT-radio.m3u8,10,Toronto,TOR,https://assets.nhle.com/logos/nhl/svg/TOR_light.svg,https://assets.nhle.com/logos/nhl/svg/TOR_dark.svg,False,https://d2igy0yla8zi0u.cloudfront.net/TOR/20242025/TOR-radio.m3u8,REG,3,,,,,,,,,,,,,,,,
3,2024020058,20242025,2,2024-10-16,False,2024-10-16T23:30:00Z,-04:00,-04:00,America/Toronto,FUT,OK,"[{'id': 282, 'market': 'N', 'countryCode': 'CA', 'network': 'SN', 'sequenceNumber': 21}]",https://www.nhl.com/mapleleafs/tickets/,/gamecenter/lak-vs-tor/2024/10/16/2024020058,Scotiabank Arena,26,Los Angeles,LAK,https://assets.nhle.com/logos/nhl/svg/LAK_light.svg,https://assets.nhle.com/logos/nhl/svg/LAK_dark.svg,False,https://d2igy0yla8zi0u.cloudfront.net/LAK/20242025/LAK-radio.m3u8,10,Toronto,TOR,https://assets.nhle.com/logos/nhl/svg/TOR_light.svg,https://assets.nhle.com/logos/nhl/svg/TOR_dark.svg,False,https://d2igy0yla8zi0u.cloudfront.net/TOR/20242025/TOR-radio.m3u8,REG,3,,,,,,,,,,,,,,,,
4,2024020079,20242025,2,2024-10-19,False,2024-10-19T23:00:00Z,-04:00,-04:00,America/Toronto,FUT,OK,"[{'id': 282, 'market': 'N', 'countryCode': 'CA', 'network': 'SN', 'sequenceNumber': 21}, {'id': 280, 'market': 'N', 'countryCode': 'CA', 'network': 'HNIC', 'sequenceNumber': 24}]",https://www.nhl.com/mapleleafs/tickets/,/gamecenter/nyr-vs-tor/2024/10/19/2024020079,Scotiabank Arena,3,New York,NYR,https://assets.nhle.com/logos/nhl/svg/NYR_light.svg,https://assets.nhle.com/logos/nhl/svg/NYR_dark.svg,False,https://d2igy0yla8zi0u.cloudfront.net/NYR/20242025/NYR-radio.m3u8,10,Toronto,TOR,https://assets.nhle.com/logos/nhl/svg/TOR_light.svg,https://assets.nhle.com/logos/nhl/svg/TOR_dark.svg,False,https://d2igy0yla8zi0u.cloudfront.net/TOR/20242025/TOR-radio.m3u8,REG,3,,,,,,,,,,,,,,,,
5,2024020091,20242025,2,2024-10-21,False,2024-10-21T23:30:00Z,-04:00,-04:00,America/Toronto,FUT,OK,"[{'id': 548, 'market': 'N', 'countryCode': 'CA', 'network': 'Prime', 'sequenceNumber': 27}]",https://www.nhl.com/mapleleafs/tickets/,/gamecenter/tbl-vs-tor/2024/10/21/2024020091,Scotiabank Arena,14,Tampa Bay,TBL,https://assets.nhle.com/logos/nhl/svg/TBL_light.svg,https://assets.nhle.com/logos/nhl/svg/TBL_dark.svg,False,https://d2igy0yla8zi0u.cloudfront.net/TBL/20242025/TBL-radio.m3u8,10,Toronto,TOR,https://assets.nhle.com/logos/nhl/svg/TOR_light.svg,https://assets.nhle.com/logos/nhl/svg/TOR_dark.svg,False,https://d2igy0yla8zi0u.cloudfront.net/TOR/20242025/TOR-radio.m3u8,REG,3,,,,,,,,,,,,,,,,
6,2024020097,20242025,2,2024-10-22,False,2024-10-22T23:30:00Z,-04:00,-04:00,US/Eastern,FUT,OK,[],https://www.ticketmaster.com/event/050060DCC7B07A3F?brand=bluejackets&artistid=805927&wt.mc_id=NHL_TEAM_CBJ_SCHEDULE_GM4,/gamecenter/tor-vs-cbj/2024/10/22/2024020097,Nationwide Arena,10,Toronto,TOR,https://assets.nhle.com/logos/nhl/svg/TOR_light.svg,https://assets.nhle.com/logos/nhl/svg/TOR_dark.svg,False,https://d2igy0yla8zi0u.cloudfront.net/TOR/20242025/TOR-radio.m3u8,29,Columbus,CBJ,https://assets.nhle.com/logos/nhl/svg/CBJ_light.svg,https://assets.nhle.com/logos/nhl/svg/CBJ_dark.svg,False,https://d2igy0yla8zi0u.cloudfront.net/CBJ/20242025/CBJ-radio.m3u8,REG,3,,,,,,,,,,,,,,,,
7,2024020110,20242025,2,2024-10-24,False,2024-10-24T23:00:00Z,-04:00,-04:00,America/Toronto,FUT,OK,[],https://www.nhl.com/mapleleafs/tickets/,/gamecenter/stl-vs-tor/2024/10/24/2024020110,Scotiabank Arena,19,St. Louis,STL,https://assets.nhle.com/logos/nhl/svg/STL_light.svg,https://assets.nhle.com/logos/nhl/svg/STL_dark.svg,False,https://d2igy0yla8zi0u.cloudfront.net/STL/20242025/STL-radio.m3u8,10,Toronto,TOR,https://assets.nhle.com/logos/nhl/svg/TOR_light.svg,https://assets.nhle.com/logos/nhl/svg/TOR_dark.svg,False,https://d2igy0yla8zi0u.cloudfront.net/TOR/20242025/TOR-radio.m3u8,REG,3,,,,,,,,,,,,,,,,
8,2024020125,20242025,2,2024-10-26,False,2024-10-26T23:00:00Z,-04:00,-04:00,US/Eastern,FUT,OK,"[{'id': 282, 'market': 'N', 'countryCode': 'CA', 'network': 'SN', 'sequenceNumber': 21}, {'id': 280, 'market': 'N', 'countryCode': 'CA', 'network': 'HNIC', 'sequenceNumber': 24}]",https://www.ticketmaster.com/event/010060D9D54274DA?brand=bostonbruins&artistid=805902&wt.mc_id=NHL_TEAM_BOS_SCHEDULE_GM5&utm_source=NHL.com&utm_medium=client&utm_campaign=NHL_TEAM_BOS&utm_content=SCHEDULE_GM5,/gamecenter/tor-vs-bos/2024/10/26/2024020125,TD Garden,10,Toronto,TOR,https://assets.nhle.com/logos/nhl/svg/TOR_light.svg,https://assets.nhle.com/logos/nhl/svg/TOR_dark.svg,False,https://d2igy0yla8zi0u.cloudfront.net/TOR/20242025/TOR-radio.m3u8,6,Boston,BOS,https://assets.nhle.com/logos/nhl/svg/BOS_light.svg,https://assets.nhle.com/logos/nhl/svg/BOS_dark.svg,False,https://d2igy0yla8zi0u.cloudfront.net/BOS/20242025/BOS-radio.m3u8,REG,3,,,,,,,,,,,,,,,,
9,2024020143,20242025,2,2024-10-28,False,2024-10-28T23:30:00Z,-04:00,-05:00,America/Winnipeg,FUT,OK,"[{'id': 548, 'market': 'N', 'countryCode': 'CA', 'network': 'Prime', 'sequenceNumber': 27}]",https://www.nhl.com/jets/tickets/,/gamecenter/tor-vs-wpg/2024/10/28/2024020143,Canada Life Centre,10,Toronto,TOR,https://assets.nhle.com/logos/nhl/svg/TOR_light.svg,https://assets.nhle.com/logos/nhl/svg/TOR_dark.svg,False,https://d2igy0yla8zi0u.cloudfront.net/TOR/20242025/TOR-radio.m3u8,52,Winnipeg,WPG,https://assets.nhle.com/logos/nhl/svg/WPG_light.svg,https://assets.nhle.com/logos/nhl/svg/WPG_dark.svg,False,https://d2igy0yla8zi0u.cloudfront.net/WPG/20242025/WPG-radio.m3u8,REG,3,,,,,,,,,,,,,,,,
10,2024020161,20242025,2,2024-10-31,False,2024-10-31T23:00:00Z,-04:00,-04:00,America/Toronto,FUT,OK,[],https://www.nhl.com/mapleleafs/tickets/,/gamecenter/sea-vs-tor/2024/10/31/2024020161,Scotiabank Arena,55,Seattle,SEA,https://assets.nhle.com/logos/nhl/svg/SEA_light.svg,https://assets.nhle.com/logos/nhl/svg/SEA_dark.svg,False,https://d2igy0yla8zi0u.cloudfront.net/SEA/20242025/SEA-radio.m3u8,10,Toronto,TOR,https://assets.nhle.com/logos/nhl/svg/TOR_light.svg,https://assets.nhle.com/logos/nhl/svg/TOR_dark.svg,False,https://d2igy0yla8zi0u.cloudfront.net/TOR/20242025/TOR-radio.m3u8,REG,3,,,,,,,,,,,,,,,,
11,2024020181,20242025,2,2024-11-02,False,2024-11-02T23:00:00Z,-04:00,-05:00,US/Central,FUT,OK,"[{'id': 282, 'market': 'N', 'countryCode': 'CA', 'network': 'SN', 'sequenceNumber': 21}, {'id': 280, 'market': 'N', 'countryCode': 'CA', 'network': 'HNIC', 'sequenceNumber': 24}]",https://www.nhl.com/blues/tickets/,/gamecenter/tor-vs-stl/2024/11/02/2024020181,Enterprise Center,10,Toronto,TOR,https://assets.nhle.com/logos/nhl/svg/TOR_light.svg,https://assets.nhle.com/logos/nhl/svg/TOR_dark.svg,False,https://d2igy0yla8zi0u.cloudfront.net/TOR/20242025/TOR-radio.m3u8,19,St. Louis,STL,https://assets.nhle.com/logos/nhl/svg/STL_light.svg,https://assets.nhle.com/logos/nhl/svg/STL_dark.svg,False,https://d2igy0yla8zi0u.cloudfront.net/STL/20242025/STL-radio.m3u8,REG,3,,,,,,,,,,,,,,,,
12,2024020189,20242025,2,2024-11-03,False,2024-11-03T23:00:00Z,-05:00,-06:00,US/Central,FUT,OK,[],https://www.nhl.com/wild/tickets/,/gamecenter/tor-vs-min/2024/11/03/2024020189,Xcel Energy Center,10,Toronto,TOR,https://assets.nhle.com/logos/nhl/svg/TOR_light.svg,https://assets.nhle.com/logos/nhl/svg/TOR_dark.svg,False,https://d2igy0yla8zi0u.cloudfront.net/TOR/20242025/TOR-radio.m3u8,30,Minnesota,MIN,https://assets.nhle.com/logos/nhl/svg/MIN_light.svg,https://assets.nhle.com/logos/nhl/svg/MIN_dark.svg,False,https://d2igy0yla8zi0u.cloudfront.net/MIN/20242025/MIN-radio.m3u8,REG,3,,,,,,,,,,,,,,,,
13,2024020195,20242025,2,2024-11-05,False,2024-11-06T00:00:00Z,-05:00,-05:00,America/Toronto,FUT,OK,[],https://www.nhl.com/mapleleafs/tickets/,/gamecenter/bos-vs-tor/2024/11/05/2024020195,Scotiabank Arena,6,Boston,BOS,https://assets.nhle.com/logos/nhl/svg/BOS_light.svg,https://assets.nhle.com/logos/nhl/svg/BOS_dark.svg,False,https://d2igy0yla8zi0u.cloudfront.net/BOS/20242025/BOS-radio.m3u8,10,Toronto,TOR,https://assets.nhle.com/logos/nhl/svg/TOR_light.svg,https://assets.nhle.com/logos/nhl/svg/TOR_dark.svg,False,https://d2igy0yla8zi0u.cloudfront.net/TOR/20242025/TOR-radio.m3u8,REG,3,,,,,,,,,,,,,,,,
14,2024020220,20242025,2,2024-11-08,False,2024-11-09T00:00:00Z,-05:00,-05:00,America/Toronto,FUT,OK,[],https://www.nhl.com/mapleleafs/tickets/,/gamecenter/det-vs-tor/2024/11/08/2024020220,Scotiabank Arena,17,Detroit,DET,https://assets.nhle.com/logos/nhl/svg/DET_light.svg,https://assets.nhle.com/logos/nhl/svg/DET_dark.svg,False,https://d2igy0yla8zi0u.cloudfront.net/DET/20242025/DET-radio.m3u8,10,Toronto,TOR,https://assets.nhle.com/logos/nhl/svg/TOR_light.svg,https://assets.nhle.com/logos/nhl/svg/TOR_dark.svg,False,https://d2igy0yla8zi0u.cloudfront.net/TOR/20242025/TOR-radio.m3u8,REG,3,,,,,,,,,,,,,,,,
15,2024020227,20242025,2,2024-11-09,False,2024-11-10T00:00:00Z,-05:00,-05:00,America/Toronto,FUT,OK,"[{'id': 282, 'market': 'N', 'countryCode': 'CA', 'network': 'SN', 'sequenceNumber': 21}, {'id': 280, 'market': 'N', 'countryCode': 'CA', 'network': 'HNIC', 'sequenceNumber': 24}]",https://www.nhl.com/mapleleafs/tickets/,/gamecenter/mtl-vs-tor/2024/11/09/2024020227,Scotiabank Arena,8,Montréal,MTL,https://assets.nhle.com/logos/nhl/svg/MTL_light.svg,https://assets.nhle.com/logos/nhl/svg/MTL_dark.svg,False,https://d2igy0yla8zi0u.cloudfront.net/MTL/20242025/MTL-radio.m3u8,10,Toronto,TOR,https://assets.nhle.com/logos/nhl/svg/TOR_light.svg,https://assets.nhle.com/logos/nhl/svg/TOR_dark.svg,False,https://d2igy0yla8zi0u.cloudfront.net/TOR/20242025/TOR-radio.m3u8,REG,3,,,,,,,,,,,,,,,,
16,2024020245,20242025,2,2024-11-12,False,2024-11-13T00:00:00Z,-05:00,-05:00,America/Toronto,FUT,OK,[],https://www.nhl.com/mapleleafs/tickets/,/gamecenter/ott-vs-tor/2024/11/12/2024020245,Scotiabank Arena,9,Ottawa,OTT,https://assets.nhle.com/logos/nhl/svg/OTT_light.svg,https://assets.nhle.com/logos/nhl/svg/OTT_dark.svg,False,https://d2igy0yla8zi0u.cloudfront.net/OTT/20242025/OTT-radio.m3u8,10,Toronto,TOR,https://assets.nhle.com/logos/nhl/svg/TOR_light.svg,https://assets.nhle.com/logos/nhl/svg/TOR_dark.svg,False,https://d2igy0yla8zi0u.cloudfront.net/TOR/20242025/TOR-radio.m3u8,REG,3,,,,,,,,,,,,,,,,
17,2024020253,20242025,2,2024-11-13,False,2024-11-14T00:30:00Z,-05:00,-05:00,US/Eastern,FUT,OK,"[{'id': 282, 'market': 'N', 'countryCode': 'CA', 'network': 'SN', 'sequenceNumber': 21}]",https://www.nhl.com/capitals/tickets/,/gamecenter/tor-vs-wsh/2024/11/13/2024020253,Capital One Arena,10,Toronto,TOR,https://assets.nhle.com/logos/nhl/svg/TOR_light.svg,https://assets.nhle.com/logos/nhl/svg/TOR_dark.svg,False,https://d2igy0yla8zi0u.cloudfront.net/TOR/20242025/TOR-radio.m3u8,15,Washington,WSH,https://assets.nhle.com/logos/nhl/svg/WSH_light.svg,https://assets.nhle.com/logos/nhl/svg/WSH_dark.svg,False,https://d2igy0yla8zi0u.cloudfront.net/WSH/20242025/WSH-radio.m3u8,REG,3,,,,,,,,,,,,,,,,
18,2024020274,20242025,2,2024-11-16,False,2024-11-17T00:00:00Z,-05:00,-05:00,America/Toronto,FUT,OK,"[{'id': 282, 'market': 'N', 'countryCode': 'CA', 'network': 'SN', 'sequenceNumber': 21}, {'id': 280, 'market': 'N', 'countryCode': 'CA', 'network': 'HNIC', 'sequenceNumber': 24}]",https://www.nhl.com/mapleleafs/tickets/,/gamecenter/edm-vs-tor/2024/11/16/2024020274,Scotiabank Arena,22,Edmonton,EDM,https://assets.nhle.com/logos/nhl/svg/EDM_light.svg,https://assets.nhle.com/logos/nhl/svg/EDM_dark.svg,False,https://d2igy0yla8zi0u.cloudfront.net/EDM/20242025/EDM-radio.m3u8,10,Toronto,TOR,https://assets.nhle.com/logos/nhl/svg/TOR_light.svg,https://assets.nhle.com/logos/nhl/svg/TOR_dark.svg,False,https://d2igy0yla8zi0u.cloudfront.net/TOR/20242025/TOR-radio.m3u8,REG,3,,,,,,,,,,,,,,,,
19,2024020301,20242025,2,2024-11-20,False,2024-11-21T00:30:00Z,-05:00,-05:00,America/Toronto,FUT,OK,"[{'id': 282, 'market': 'N', 'countryCode': 'CA', 'network': 'SN', 'sequenceNumber': 21}]",https://www.nhl.com/mapleleafs/tickets/,/gamecenter/vgk-vs-tor/2024/11/20/2024020301,Scotiabank Arena,54,Vegas,VGK,https://assets.nhle.com/logos/nhl/svg/VGK_light.svg,https://assets.nhle.com/logos/nhl/svg/VGK_dark.svg,False,https://d2igy0yla8zi0u.cloudfront.net/VGK/20242025/VGK-radio.m3u8,10,Toronto,TOR,https://assets.nhle.com/logos/nhl/svg/TOR_light.svg,https://assets.nhle.com/logos/nhl/svg/TOR_dark.svg,False,https://d2igy0yla8zi0u.cloudfront.net/TOR/20242025/TOR-radio.m3u8,REG,3,https://vegasgoldenknights.bookseats.com?utm_source=goldenknights&utm_medium=general&utm_campaign=schedule ,Travel Packages,https://vegasgoldenknights.bookseats.com?utm_source=goldenknights&utm_medium=general&utm_campaign=schedule ,Travel Packages,,,,,,,,,,,,
20,2024020333,20242025,2,2024-11-24,False,2024-11-25T00:00:00Z,-05:00,-05:00,America/Toronto,FUT,OK,[],https://www.nhl.com/mapleleafs/tickets/,/gamecenter/uta-vs-tor/2024/11/24/2024020333,Scotiabank Arena,59,Utah,UTA,https://assets.nhle.com/logos/nhl/svg/UTA_light.svg,https://assets.nhle.com/logos/nhl/svg/UTA_dark.svg,False,https://d2igy0yla8zi0u.cloudfront.net/UTA/20242025/UTA-radio.m3u8,10,Toronto,TOR,https://assets.nhle.com/logos/nhl/svg/TOR_light.svg,https://assets.nhle.com/logos/nhl/svg/TOR_dark.svg,False,https://d2igy0yla8zi0u.cloudfront.net/TOR/20242025/TOR-radio.m3u8,REG,3,,,,,,,,,,,,,,,,
21,2024020352,20242025,2,2024-11-27,False,2024-11-28T00:30:00Z,-05:00,-05:00,US/Eastern,FUT,OK,"[{'id': 282, 'market': 'N', 'countryCode': 'CA', 'network': 'SN', 'sequenceNumber': 21}]",https://www.nhl.com/panthers/tickets/,/gamecenter/tor-vs-fla/2024/11/27/2024020352,Amerant Bank Arena,10,Toronto,TOR,https://assets.nhle.com/logos/nhl/svg/TOR_light.svg,https://assets.nhle.com/logos/nhl/svg/TOR_dark.svg,False,https://d2igy0yla8zi0u.cloudfront.net/TOR/20242025/TOR-radio.m3u8,13,Florida,FLA,https://assets.nhle.com/logos/nhl/svg/FLA_light.svg,https://assets.nhle.com/logos/nhl/svg/FLA_dark.svg,False,https://d2igy0yla8zi0u.cloudfront.net/FLA/20242025/FLA-radio.m3u8,REG,3,,,,,Floride,https://www.jetbluevacations.com/sale/florida-panthers?utm_source=panthers&utm_medium=schedule_page&utm_campaign=dates,JetBlue Vacations,https://www.jetbluevacations.com/sale/florida-panthers?utm_source=panthers&utm_medium=schedule_page&utm_campaign=dates,Fly with JetBlue ,https://www.jetbluevacations.com/sale/florida-panthers?utm_source=panthers&utm_medium=schedule_page&utm_campaign=dates,Stay with JetBlue Vacations ,,,,,
22,2024020378,20242025,2,2024-11-30,False,2024-12-01T00:00:00Z,-05:00,-05:00,US/Eastern,FUT,OK,"[{'id': 282, 'market': 'N', 'countryCode': 'CA', 'network': 'SN', 'sequenceNumber': 21}, {'id': 280, 'market': 'N', 'countryCode': 'CA', 'network': 'HNIC', 'sequenceNumber': 24}]",https://www.nhl.com/lightning/tickets/,/gamecenter/tor-vs-tbl/2024/11/30/2024020378,Amalie Arena,10,Toronto,TOR,https://assets.nhle.com/logos/nhl/svg/TOR_light.svg,https://assets.nhle.com/logos/nhl/svg/TOR_dark.svg,False,https://d2igy0yla8zi0u.cloudfront.net/TOR/20242025/TOR-radio.m3u8,14,Tampa Bay,TBL,https://assets.nhle.com/logos/nhl/svg/TBL_light.svg,https://assets.nhle.com/logos/nhl/svg/TBL_dark.svg,False,https://d2igy0yla8zi0u.cloudfront.net/TBL/20242025/TBL-radio.m3u8,REG,3,,,,,,,,,,,,,,,,
23,2024020394,20242025,2,2024-12-02,False,2024-12-03T00:30:00Z,-05:00,-05:00,America/Toronto,FUT,OK,"[{'id': 548, 'market': 'N', 'countryCode': 'CA', 'network': 'Prime', 'sequenceNumber': 27}]",https://www.nhl.com/mapleleafs/tickets/,/gamecenter/chi-vs-tor/2024/12/02/2024020394,Scotiabank Arena,16,Chicago,CHI,https://assets.nhle.com/logos/nhl/svg/CHI_light.svg,https://assets.nhle.com/logos/nhl/svg/CHI_dark.svg,False,https://d2igy0yla8zi0u.cloudfront.net/CHI/20242025/CHI-radio.m3u8,10,Toronto,TOR,https://assets.nhle.com/logos/nhl/svg/TOR_light.svg,https://assets.nhle.com/logos/nhl/svg/TOR_dark.svg,False,https://d2igy0yla8zi0u.cloudfront.net/TOR/20242025/TOR-radio.m3u8,REG,3,,,,,,,,,,,,,,,,
24,2024020406,20242025,2,2024-12-04,False,2024-12-05T00:30:00Z,-05:00,-05:00,America/Toronto,FUT,OK,"[{'id': 282, 'market': 'N', 'countryCode': 'CA', 'network': 'SN', 'sequenceNumber': 21}]",https://www.nhl.com/mapleleafs/tickets/,/gamecenter/nsh-vs-tor/2024/12/04/2024020406,Scotiabank Arena,18,Nashville,NSH,https://assets.nhle.com/logos/nhl/svg/NSH_light.svg,https://assets.nhle.com/logos/nhl/svg/NSH_dark.svg,False,https://d2igy0yla8zi0u.cloudfront.net/NSH/20242025/NSH-radio.m3u8,10,Toronto,TOR,https://assets.nhle.com/logos/nhl/svg/TOR_light.svg,https://assets.nhle.com/logos/nhl/svg/TOR_dark.svg,False,https://d2igy0yla8zi0u.cloudfront.net/TOR/20242025/TOR-radio.m3u8,REG,3,,,,,,,,,,,,,,,,
25,2024020419,20242025,2,2024-12-06,False,2024-12-07T00:00:00Z,-05:00,-05:00,America/Toronto,FUT,OK,[],https://www.nhl.com/mapleleafs/tickets/,/gamecenter/wsh-vs-tor/2024/12/06/2024020419,Scotiabank Arena,15,Washington,WSH,https://assets.nhle.com/logos/nhl/svg/WSH_light.svg,https://assets.nhle.com/logos/nhl/svg/WSH_dark.svg,False,https://d2igy0yla8zi0u.cloudfront.net/WSH/20242025/WSH-radio.m3u8,10,Toronto,TOR,https://assets.nhle.com/logos/nhl/svg/TOR_light.svg,https://assets.nhle.com/logos/nhl/svg/TOR_dark.svg,False,https://d2igy0yla8zi0u.cloudfront.net/TOR/20242025/TOR-radio.m3u8,REG,3,,,,,,,,,,,,,,,,
26,2024020433,20242025,2,2024-12-07,False,2024-12-08T00:00:00Z,-05:00,-05:00,US/Eastern,FUT,OK,"[{'id': 282, 'market': 'N', 'countryCode': 'CA', 'network': 'SN', 'sequenceNumber': 21}, {'id': 280, 'market': 'N', 'countryCode': 'CA', 'network': 'HNIC', 'sequenceNumber': 24}]",https://www.ticketmaster.com/event/160060DAD9CA5BED?brand=penguins&artistid=806005&wt.mc_id=NHL_TEAM_PIT_SCHEDULE_GM16&utm_source=NHL.com&utm_medium=client&utm_campaign=NHL_TEAM_PIT&utm_content=SCHEDULE_GM16&CAMEFROM=NHLPENGUINS_NHL_CLUB_SCHEDULE,/gamecenter/tor-vs-pit/2024/12/07/2024020433,PPG Paints Arena,10,Toronto,TOR,https://assets.nhle.com/logos/nhl/svg/TOR_light.svg,https://assets.nhle.com/logos/nhl/svg/TOR_dark.svg,False,https://d2igy0yla8zi0u.cloudfront.net/TOR/20242025/TOR-radio.m3u8,5,Pittsburgh,PIT,https://assets.nhle.com/logos/nhl/svg/PIT_light.svg,https://assets.nhle.com/logos/nhl/svg/PIT_dark.svg,False,https://d2igy0yla8zi0u.cloudfront.net/PIT/20242025/PIT-radio.m3u8,REG,3,,,,,,,,,,,,,,,,
27,2024020446,20242025,2,2024-12-10,False,2024-12-11T00:00:00Z,-05:00,-05:00,US/Eastern,FUT,OK,[],https://www.nhl.com/devils/tickets/,/gamecenter/tor-vs-njd/2024/12/10/2024020446,Prudential Center,10,Toronto,TOR,https://assets.nhle.com/logos/nhl/svg/TOR_light.svg,https://assets.nhle.com/logos/nhl/svg/TOR_dark.svg,False,https://d2igy0yla8zi0u.cloudfront.net/TOR/20242025/TOR-radio.m3u8,1,New Jersey,NJD,https://assets.nhle.com/logos/nhl/svg/NJD_light.svg,https://assets.nhle.com/logos/nhl/svg/NJD_dark.svg,False,https://d2igy0yla8zi0u.cloudfront.net/NJD/20242025/NJD-radio.m3u8,REG,3,,,,,,,,,,,,,,,,
28,2024020459,20242025,2,2024-12-12,False,2024-12-13T00:00:00Z,-05:00,-05:00,America/Toronto,FUT,OK,[],https://www.nhl.com/mapleleafs/tickets/,/gamecenter/ana-vs-tor/2024/12/12/2024020459,Scotiabank Arena,24,Anaheim,ANA,https://assets.nhle.com/logos/nhl/svg/ANA_light.svg,https://assets.nhle.com/logos/nhl/svg/ANA_dark.svg,False,https://d2igy0yla8zi0u.cloudfront.net/ANA/20242025/ANA-radio.m3u8,10,Toronto,TOR,https://assets.nhle.com/logos/nhl/svg/TOR_light.svg,https://assets.nhle.com/logos/nhl/svg/TOR_dark.svg,False,https://d2igy0yla8zi0u.cloudfront.net/TOR/20242025/TOR-radio.m3u8,REG,3,,,,,,,,,,,,,,,,
29,2024020479,20242025,2,2024-12-14,False,2024-12-15T00:00:00Z,-05:00,-05:00,America/Detroit,FUT,OK,"[{'id': 282, 'market': 'N', 'countryCode': 'CA', 'network': 'SN', 'sequenceNumber': 21}, {'id': 280, 'market': 'N', 'countryCode': 'CA', 'network': 'HNIC', 'sequenceNumber': 24}]",https://www.ticketmaster.com/event/080060E2A627263A?brand=redwings&artistid=805938&wt.mc_id=NHL_TEAM_DET_SCHEDULE_GM15&utm_source=NHL.com&utm_medium=client&utm_campaign=NHL_TEAM_DET&utm_content=SCHEDULE_GM15,/gamecenter/tor-vs-det/2024/12/14/2024020479,Little Caesars Arena,10,Toronto,TOR,https://assets.nhle.com/logos/nhl/svg/TOR_light.svg,https://assets.nhle.com/logos/nhl/svg/TOR_dark.svg,False,https://d2igy0yla8zi0u.cloudfront.net/TOR/20242025/TOR-radio.m3u8,17,Detroit,DET,https://assets.nhle.com/logos/nhl/svg/DET_light.svg,https://assets.nhle.com/logos/nhl/svg/DET_dark.svg,False,https://d2igy0yla8zi0u.cloudfront.net/DET/20242025/DET-radio.m3u8,REG,3,,,,,,,,,,,,,,,,
30,2024020490,20242025,2,2024-12-15,False,2024-12-15T22:00:00Z,-05:00,-05:00,America/Toronto,FUT,OK,[],https://www.nhl.com/mapleleafs/tickets/,/gamecenter/buf-vs-tor/2024/12/15/2024020490,Scotiabank Arena,7,Buffalo,BUF,https://assets.nhle.com/logos/nhl/svg/BUF_light.svg,https://assets.nhle.com/logos/nhl/svg/BUF_dark.svg,False,https://d2igy0yla8zi0u.cloudfront.net/BUF/20242025/BUF-radio.m3u8,10,Toronto,TOR,https://assets.nhle.com/logos/nhl/svg/TOR_light.svg,https://assets.nhle.com/logos/nhl/svg/TOR_dark.svg,False,https://d2igy0yla8zi0u.cloudfront.net/TOR/20242025/TOR-radio.m3u8,REG,3,,,,,,,,,,,,,,,,
31,2024020508,20242025,2,2024-12-18,False,2024-12-19T00:30:00Z,-05:00,-06:00,US/Central,FUT,OK,"[{'id': 282, 'market': 'N', 'countryCode': 'CA', 'network': 'SN', 'sequenceNumber': 21}]",https://www.ticketmaster.com/event/0C0060DC8F421D4F?brand=dallas_stars&artistid=805933&wt.mc_id=NHL_TEAM_DAL_SCHEDULE_GM16&utm_source=NHL.com&utm_medium=client&utm_campaign=NHL_TEAM_DAL&utm_content=SCHEDULE_GM16&CAMEFROM=CFC_DALSTARS_WEB_SCHEDULE_MARKETING,/gamecenter/tor-vs-dal/2024/12/18/2024020508,American Airlines Center,10,Toronto,TOR,https://assets.nhle.com/logos/nhl/svg/TOR_light.svg,https://assets.nhle.com/logos/nhl/svg/TOR_dark.svg,False,https://d2igy0yla8zi0u.cloudfront.net/TOR/20242025/TOR-radio.m3u8,25,Dallas,DAL,https://assets.nhle.com/logos/nhl/svg/DAL_light.svg,https://assets.nhle.com/logos/nhl/svg/DAL_dark.svg,False,https://d2igy0yla8zi0u.cloudfront.net/DAL/20242025/DAL-radio.m3u8,REG,3,,,,,,,,https://www.aa.com/homePage.do?c=SPNS|DSP|STR|2025|SCH|_STARS_SCHEDULE_PAGE_HOME,Book flights with American Airlines,,,,,,,
32,2024020521,20242025,2,2024-12-20,False,2024-12-21T00:00:00Z,-05:00,-05:00,America/New_York,FUT,OK,[],https://www.nhl.com/sabres/tickets/,/gamecenter/tor-vs-buf/2024/12/20/2024020521,KeyBank Center,10,Toronto,TOR,https://assets.nhle.com/logos/nhl/svg/TOR_light.svg,https://assets.nhle.com/logos/nhl/svg/TOR_dark.svg,False,https://d2igy0yla8zi0u.cloudfront.net/TOR/20242025/TOR-radio.m3u8,7,Buffalo,BUF,https://assets.nhle.com/logos/nhl/svg/BUF_light.svg,https://assets.nhle.com/logos/nhl/svg/BUF_dark.svg,False,https://d2igy0yla8zi0u.cloudfront.net/BUF/20242025/BUF-radio.m3u8,REG,3,,,,,,,,,,,,,,,,
33,2024020532,20242025,2,2024-12-21,False,2024-12-22T00:00:00Z,-05:00,-05:00,America/Toronto,FUT,OK,"[{'id': 282, 'market': 'N', 'countryCode': 'CA', 'network': 'SN', 'sequenceNumber': 21}, {'id': 280, 'market': 'N', 'countryCode': 'CA', 'network': 'HNIC', 'sequenceNumber': 24}]",https://www.nhl.com/mapleleafs/tickets/,/gamecenter/nyi-vs-tor/2024/12/21/2024020532,Scotiabank Arena,2,New York,NYI,https://assets.nhle.com/logos/nhl/svg/NYI_light.svg,https://assets.nhle.com/logos/nhl/svg/NYI_dark.svg,False,https://d2igy0yla8zi0u.cloudfront.net/NYI/20242025/NYI-radio.m3u8,10,Toronto,TOR,https://assets.nhle.com/logos/nhl/svg/TOR_light.svg,https://assets.nhle.com/logos/nhl/svg/TOR_dark.svg,False,https://d2igy0yla8zi0u.cloudfront.net/TOR/20242025/TOR-radio.m3u8,REG,3,,,,,,,,,,,,,,,,
34,2024020546,20242025,2,2024-12-23,False,2024-12-23T19:00:00Z,-05:00,-05:00,America/Toronto,FUT,OK,[],https://www.nhl.com/mapleleafs/tickets/,/gamecenter/wpg-vs-tor/2024/12/23/2024020546,Scotiabank Arena,52,Winnipeg,WPG,https://assets.nhle.com/logos/nhl/svg/WPG_light.svg,https://assets.nhle.com/logos/nhl/svg/WPG_dark.svg,False,https://d2igy0yla8zi0u.cloudfront.net/WPG/20242025/WPG-radio.m3u8,10,Toronto,TOR,https://assets.nhle.com/logos/nhl/svg/TOR_light.svg,https://assets.nhle.com/logos/nhl/svg/TOR_dark.svg,False,https://d2igy0yla8zi0u.cloudfront.net/TOR/20242025/TOR-radio.m3u8,REG,3,,,,,,,,,,,,,,,,
35,2024020559,20242025,2,2024-12-27,False,2024-12-28T00:00:00Z,-05:00,-05:00,America/Detroit,FUT,OK,[],https://www.ticketmaster.com/event/080060E2A63A2711?brand=redwings&artistid=805938&wt.mc_id=NHL_TEAM_DET_SCHEDULE_GM19&utm_source=NHL.com&utm_medium=client&utm_campaign=NHL_TEAM_DET&utm_content=SCHEDULE_GM19,/gamecenter/tor-vs-det/2024/12/27/2024020559,Little Caesars Arena,10,Toronto,TOR,https://assets.nhle.com/logos/nhl/svg/TOR_light.svg,https://assets.nhle.com/logos/nhl/svg/TOR_dark.svg,False,https://d2igy0yla8zi0u.cloudfront.net/TOR/20242025/TOR-radio.m3u8,17,Detroit,DET,https://assets.nhle.com/logos/nhl/svg/DET_light.svg,https://assets.nhle.com/logos/nhl/svg/DET_dark.svg,False,https://d2igy0yla8zi0u.cloudfront.net/DET/20242025/DET-radio.m3u8,REG,3,,,,,,,,,,,,,,,,
36,2024020571,20242025,2,2024-12-28,False,2024-12-29T00:00:00Z,-05:00,-05:00,America/Toronto,FUT,OK,"[{'id': 282, 'market': 'N', 'countryCode': 'CA', 'network': 'SN', 'sequenceNumber': 21}, {'id': 280, 'market': 'N', 'countryCode': 'CA', 'network': 'HNIC', 'sequenceNumber': 24}]",https://www.nhl.com/mapleleafs/tickets/,/gamecenter/wsh-vs-tor/2024/12/28/2024020571,Scotiabank Arena,15,Washington,WSH,https://assets.nhle.com/logos/nhl/svg/WSH_light.svg,https://assets.nhle.com/logos/nhl/svg/WSH_dark.svg,False,https://d2igy0yla8zi0u.cloudfront.net/WSH/20242025/WSH-radio.m3u8,10,Toronto,TOR,https://assets.nhle.com/logos/nhl/svg/TOR_light.svg,https://assets.nhle.com/logos/nhl/svg/TOR_dark.svg,False,https://d2igy0yla8zi0u.cloudfront.net/TOR/20242025/TOR-radio.m3u8,REG,3,,,,,,,,,,,,,,,,
37,2024020590,20242025,2,2024-12-31,False,2024-12-31T18:00:00Z,-05:00,-05:00,America/Toronto,FUT,OK,[],https://www.nhl.com/mapleleafs/tickets/,/gamecenter/nyi-vs-tor/2024/12/31/2024020590,Scotiabank Arena,2,New York,NYI,https://assets.nhle.com/logos/nhl/svg/NYI_light.svg,https://assets.nhle.com/logos/nhl/svg/NYI_dark.svg,False,https://d2igy0yla8zi0u.cloudfront.net/NYI/20242025/NYI-radio.m3u8,10,Toronto,TOR,https://assets.nhle.com/logos/nhl/svg/TOR_light.svg,https://assets.nhle.com/logos/nhl/svg/TOR_dark.svg,False,https://d2igy0yla8zi0u.cloudfront.net/TOR/20242025/TOR-radio.m3u8,REG,3,,,,,,,,,,,,,,,,
38,2024020607,20242025,2,2025-01-02,False,2025-01-03T00:30:00Z,-05:00,-05:00,America/New_York,FUT,OK,[],https://www.ticketmaster.com/event/300060E1EDF7283D?brand=nyislanders&artistid=805986&utm_content=SINGLE_GAME_TICKETS_PAGE_GM18&utm_source=nyi_website&utm_medium=organic_web&utm_campaign=nyi_belmontdepositcampaign&utm_content=schedulepage,/gamecenter/tor-vs-nyi/2025/01/02/2024020607,UBS Arena,10,Toronto,TOR,https://assets.nhle.com/logos/nhl/svg/TOR_light.svg,https://assets.nhle.com/logos/nhl/svg/TOR_dark.svg,False,https://d2igy0yla8zi0u.cloudfront.net/TOR/20242025/TOR-radio.m3u8,2,New York,NYI,https://assets.nhle.com/logos/nhl/svg/NYI_light.svg,https://assets.nhle.com/logos/nhl/svg/NYI_dark.svg,False,https://d2igy0yla8zi0u.cloudfront.net/NYI/20242025/NYI-radio.m3u8,REG,3,,,,,,,,,,,,,,,,
39,2024020623,20242025,2,2025-01-04,False,2025-01-05T00:00:00Z,-05:00,-05:00,America/Toronto,FUT,OK,"[{'id': 282, 'market': 'N', 'countryCode': 'CA', 'network': 'SN', 'sequenceNumber': 21}, {'id': 280, 'market': 'N', 'countryCode': 'CA', 'network': 'HNIC', 'sequenceNumber': 24}]",https://www.nhl.com/mapleleafs/tickets/,/gamecenter/bos-vs-tor/2025/01/04/2024020623,Scotiabank Arena,6,Boston,BOS,https://assets.nhle.com/logos/nhl/svg/BOS_light.svg,https://assets.nhle.com/logos/nhl/svg/BOS_dark.svg,False,https://d2igy0yla8zi0u.cloudfront.net/BOS/20242025/BOS-radio.m3u8,10,Toronto,TOR,https://assets.nhle.com/logos/nhl/svg/TOR_light.svg,https://assets.nhle.com/logos/nhl/svg/TOR_dark.svg,False,https://d2igy0yla8zi0u.cloudfront.net/TOR/20242025/TOR-radio.m3u8,REG,3,,,,,,,,,,,,,,,,
40,2024020635,20242025,2,2025-01-05,False,2025-01-06T00:00:00Z,-05:00,-05:00,America/Toronto,FUT,OK,[],https://www.nhl.com/mapleleafs/tickets/,/gamecenter/phi-vs-tor/2025/01/05/2024020635,Scotiabank Arena,4,Philadelphia,PHI,https://assets.nhle.com/logos/nhl/svg/PHI_light.svg,https://assets.nhle.com/logos/nhl/svg/PHI_dark.svg,False,https://d2igy0yla8zi0u.cloudfront.net/PHI/20242025/PHI-radio.m3u8,10,Toronto,TOR,https://assets.nhle.com/logos/nhl/svg/TOR_light.svg,https://assets.nhle.com/logos/nhl/svg/TOR_dark.svg,False,https://d2igy0yla8zi0u.cloudfront.net/TOR/20242025/TOR-radio.m3u8,REG,3,,,,,,,,,,,,Philadelphie,,,,
41,2024020644,20242025,2,2025-01-07,False,2025-01-08T00:00:00Z,-05:00,-05:00,US/Eastern,FUT,OK,[],https://www.nhl.com/flyers/tickets/,/gamecenter/tor-vs-phi/2025/01/07/2024020644,Wells Fargo Center,10,Toronto,TOR,https://assets.nhle.com/logos/nhl/svg/TOR_light.svg,https://assets.nhle.com/logos/nhl/svg/TOR_dark.svg,False,https://d2igy0yla8zi0u.cloudfront.net/TOR/20242025/TOR-radio.m3u8,4,Philadelphia,PHI,https://assets.nhle.com/logos/nhl/svg/PHI_light.svg,https://assets.nhle.com/logos/nhl/svg/PHI_dark.svg,False,https://d2igy0yla8zi0u.cloudfront.net/PHI/20242025/PHI-radio.m3u8,REG,3,,,,,Philadelphie,,,,,,,,,,,
42,2024020659,20242025,2,2025-01-09,False,2025-01-10T00:00:00Z,-05:00,-05:00,US/Eastern,FUT,OK,[],https://www.nhl.com/hurricanes/tickets/,/gamecenter/tor-vs-car/2025/01/09/2024020659,PNC Arena,10,Toronto,TOR,https://assets.nhle.com/logos/nhl/svg/TOR_light.svg,https://assets.nhle.com/logos/nhl/svg/TOR_dark.svg,False,https://d2igy0yla8zi0u.cloudfront.net/TOR/20242025/TOR-radio.m3u8,12,Carolina,CAR,https://assets.nhle.com/logos/nhl/svg/CAR_light.svg,https://assets.nhle.com/logos/nhl/svg/CAR_dark.svg,False,https://d2igy0yla8zi0u.cloudfront.net/CAR/20242025/CAR-radio.m3u8,REG,3,,,,,Caroline,,,,,,,,,,,
43,2024020672,20242025,2,2025-01-11,False,2025-01-12T00:00:00Z,-05:00,-05:00,America/Toronto,FUT,OK,"[{'id': 282, 'market': 'N', 'countryCode': 'CA', 'network': 'SN', 'sequenceNumber': 21}, {'id': 280, 'market': 'N', 'countryCode': 'CA', 'network': 'HNIC', 'sequenceNumber': 24}]",https://www.nhl.com/mapleleafs/tickets/,/gamecenter/van-vs-tor/2025/01/11/2024020672,Scotiabank Arena,23,Vancouver,VAN,https://assets.nhle.com/logos/nhl/svg/VAN_light.svg,https://assets.nhle.com/logos/nhl/svg/VAN_dark.svg,False,https://d2igy0yla8zi0u.cloudfront.net/VAN/20242025/VAN-radio.m3u8,10,Toronto,TOR,https://assets.nhle.com/logos/nhl/svg/TOR_light.svg,https://assets.nhle.com/logos/nhl/svg/TOR_dark.svg,False,https://d2igy0yla8zi0u.cloudfront.net/TOR/20242025/TOR-radio.m3u8,REG,3,,,,,,,,,,,,,,,,
44,2024020693,20242025,2,2025-01-14,False,2025-01-15T00:00:00Z,-05:00,-05:00,America/Toronto,FUT,OK,[],https://www.nhl.com/mapleleafs/tickets/,/gamecenter/dal-vs-tor/2025/01/14/2024020693,Scotiabank Arena,25,Dallas,DAL,https://assets.nhle.com/logos/nhl/svg/DAL_light.svg,https://assets.nhle.com/logos/nhl/svg/DAL_dark.svg,False,https://d2igy0yla8zi0u.cloudfront.net/DAL/20242025/DAL-radio.m3u8,10,Toronto,TOR,https://assets.nhle.com/logos/nhl/svg/TOR_light.svg,https://assets.nhle.com/logos/nhl/svg/TOR_dark.svg,False,https://d2igy0yla8zi0u.cloudfront.net/TOR/20242025/TOR-radio.m3u8,REG,3,https://www.aa.com/homePage.do?c=SPNS|DSP|STR|2024|SCH|_STARS_SCHEDULE_PAGE,Book flights with American Airlines,https://www.hilton.com/en/?WT.mc_id=zCWDM0US1MB2OLQ3LocalPartner4DM_Sports_Jul5Seed_DallasStars_SchedulePagena6MULTIBR7DFW8i86698,Stay with Hilton®,,,,,,,,,Book flights with American Airlines,,,
45,2024020707,20242025,2,2025-01-16,False,2025-01-17T00:00:00Z,-05:00,-05:00,America/Toronto,FUT,OK,[],https://www.nhl.com/mapleleafs/tickets/,/gamecenter/njd-vs-tor/2025/01/16/2024020707,Scotiabank Arena,1,New Jersey,NJD,https://assets.nhle.com/logos/nhl/svg/NJD_light.svg,https://assets.nhle.com/logos/nhl/svg/NJD_dark.svg,False,https://d2igy0yla8zi0u.cloudfront.net/NJD/20242025/NJD-radio.m3u8,10,Toronto,TOR,https://assets.nhle.com/logos/nhl/svg/TOR_light.svg,https://assets.nhle.com/logos/nhl/svg/TOR_dark.svg,False,https://d2igy0yla8zi0u.cloudfront.net/TOR/20242025/TOR-radio.m3u8,REG,3,,,,,,,,,,,,,,,,
46,2024020726,20242025,2,2025-01-18,False,2025-01-19T00:00:00Z,-05:00,-05:00,America/Montreal,FUT,OK,"[{'id': 282, 'market': 'N', 'countryCode': 'CA', 'network': 'SN', 'sequenceNumber': 21}, {'id': 280, 'market': 'N', 'countryCode': 'CA', 'network': 'HNIC', 'sequenceNumber': 24}]",https://www.nhl.com/canadiens/tickets/,/gamecenter/tor-vs-mtl/2025/01/18/2024020726,Centre Bell,10,Toronto,TOR,https://assets.nhle.com/logos/nhl/svg/TOR_light.svg,https://assets.nhle.com/logos/nhl/svg/TOR_dark.svg,False,https://d2igy0yla8zi0u.cloudfront.net/TOR/20242025/TOR-radio.m3u8,8,Montréal,MTL,https://assets.nhle.com/logos/nhl/svg/MTL_light.svg,https://assets.nhle.com/logos/nhl/svg/MTL_dark.svg,False,https://d2igy0yla8zi0u.cloudfront.net/MTL/20242025/MTL-radio.m3u8,REG,3,,,,,,,,,,,,,,,,
47,2024020744,20242025,2,2025-01-20,False,2025-01-21T00:30:00Z,-05:00,-05:00,America/Toronto,FUT,OK,"[{'id': 548, 'market': 'N', 'countryCode': 'CA', 'network': 'Prime', 'sequenceNumber': 27}]",https://www.nhl.com/mapleleafs/tickets/,/gamecenter/tbl-vs-tor/2025/01/20/2024020744,Scotiabank Arena,14,Tampa Bay,TBL,https://assets.nhle.com/logos/nhl/svg/TBL_light.svg,https://assets.nhle.com/logos/nhl/svg/TBL_dark.svg,False,https://d2igy0yla8zi0u.cloudfront.net/TBL/20242025/TBL-radio.m3u8,10,Toronto,TOR,https://assets.nhle.com/logos/nhl/svg/TOR_light.svg,https://assets.nhle.com/logos/nhl/svg/TOR_dark.svg,False,https://d2igy0yla8zi0u.cloudfront.net/TOR/20242025/TOR-radio.m3u8,REG,3,,,,,,,,,,,,,,,,
48,2024020757,20242025,2,2025-01-22,False,2025-01-23T00:30:00Z,-05:00,-05:00,America/Toronto,FUT,OK,"[{'id': 282, 'market': 'N', 'countryCode': 'CA', 'network': 'SN', 'sequenceNumber': 21}]",https://www.nhl.com/mapleleafs/tickets/,/gamecenter/cbj-vs-tor/2025/01/22/2024020757,Scotiabank Arena,29,Columbus,CBJ,https://assets.nhle.com/logos/nhl/svg/CBJ_light.svg,https://assets.nhle.com/logos/nhl/svg/CBJ_dark.svg,False,https://d2igy0yla8zi0u.cloudfront.net/CBJ/20242025/CBJ-radio.m3u8,10,Toronto,TOR,https://assets.nhle.com/logos/nhl/svg/TOR_light.svg,https://assets.nhle.com/logos/nhl/svg/TOR_dark.svg,False,https://d2igy0yla8zi0u.cloudfront.net/TOR/20242025/TOR-radio.m3u8,REG,3,,,,,,,,,,,,,,,,
49,2024020780,20242025,2,2025-01-25,False,2025-01-26T00:00:00Z,-05:00,-05:00,US/Eastern,FUT,OK,"[{'id': 282, 'market': 'N', 'countryCode': 'CA', 'network': 'SN', 'sequenceNumber': 21}, {'id': 280, 'market': 'N', 'countryCode': 'CA', 'network': 'HNIC', 'sequenceNumber': 24}]",https://www.nhl.com/senators/tickets/,/gamecenter/tor-vs-ott/2025/01/25/2024020780,Canadian Tire Centre,10,Toronto,TOR,https://assets.nhle.com/logos/nhl/svg/TOR_light.svg,https://assets.nhle.com/logos/nhl/svg/TOR_dark.svg,False,https://d2igy0yla8zi0u.cloudfront.net/TOR/20242025/TOR-radio.m3u8,9,Ottawa,OTT,https://assets.nhle.com/logos/nhl/svg/OTT_light.svg,https://assets.nhle.com/logos/nhl/svg/OTT_dark.svg,False,https://d2igy0yla8zi0u.cloudfront.net/OTT/20242025/OTT-radio.m3u8,REG,3,,,,,,,,,,,,,,Centre Canadian Tire,,
50,2024020807,20242025,2,2025-01-29,False,2025-01-30T00:00:00Z,-05:00,-05:00,America/Toronto,FUT,OK,"[{'id': 282, 'market': 'N', 'countryCode': 'CA', 'network': 'SN', 'sequenceNumber': 21}]",https://www.nhl.com/mapleleafs/tickets/,/gamecenter/min-vs-tor/2025/01/29/2024020807,Scotiabank Arena,30,Minnesota,MIN,https://assets.nhle.com/logos/nhl/svg/MIN_light.svg,https://assets.nhle.com/logos/nhl/svg/MIN_dark.svg,False,https://d2igy0yla8zi0u.cloudfront.net/MIN/20242025/MIN-radio.m3u8,10,Toronto,TOR,https://assets.nhle.com/logos/nhl/svg/TOR_light.svg,https://assets.nhle.com/logos/nhl/svg/TOR_dark.svg,False,https://d2igy0yla8zi0u.cloudfront.net/TOR/20242025/TOR-radio.m3u8,REG,3,,,,,,,,,,,,,,,,
51,2024020833,20242025,2,2025-02-01,False,2025-02-02T00:00:00Z,-05:00,-07:00,America/Edmonton,FUT,OK,"[{'id': 282, 'market': 'N', 'countryCode': 'CA', 'network': 'SN', 'sequenceNumber': 21}, {'id': 280, 'market': 'N', 'countryCode': 'CA', 'network': 'HNIC', 'sequenceNumber': 24}]",https://www.nhl.com/oilers/tickets/,/gamecenter/tor-vs-edm/2025/02/01/2024020833,Rogers Place,10,Toronto,TOR,https://assets.nhle.com/logos/nhl/svg/TOR_light.svg,https://assets.nhle.com/logos/nhl/svg/TOR_dark.svg,False,https://d2igy0yla8zi0u.cloudfront.net/TOR/20242025/TOR-radio.m3u8,22,Edmonton,EDM,https://assets.nhle.com/logos/nhl/svg/EDM_light.svg,https://assets.nhle.com/logos/nhl/svg/EDM_dark.svg,False,https://d2igy0yla8zi0u.cloudfront.net/EDM/20242025/EDM-radio.m3u8,REG,3,,,,,,,,,,,,,,,,
52,2024020853,20242025,2,2025-02-04,False,2025-02-05T02:00:00Z,-05:00,-07:00,US/Mountain,FUT,OK,[],https://www.nhl.com/flames/tickets/,/gamecenter/tor-vs-cgy/2025/02/04/2024020853,Scotiabank Saddledome,10,Toronto,TOR,https://assets.nhle.com/logos/nhl/svg/TOR_light.svg,https://assets.nhle.com/logos/nhl/svg/TOR_dark.svg,False,https://d2igy0yla8zi0u.cloudfront.net/TOR/20242025/TOR-radio.m3u8,20,Calgary,CGY,https://assets.nhle.com/logos/nhl/svg/CGY_light.svg,https://assets.nhle.com/logos/nhl/svg/CGY_dark.svg,False,https://d2igy0yla8zi0u.cloudfront.net/CGY/20242025/CGY-radio.m3u8,REG,3,,,,,,,,,,,,,,,,
53,2024020869,20242025,2,2025-02-06,False,2025-02-07T03:00:00Z,-05:00,-08:00,US/Pacific,FUT,OK,[],https://www.nhl.com/kraken/tickets/,/gamecenter/tor-vs-sea/2025/02/06/2024020869,Climate Pledge Arena,10,Toronto,TOR,https://assets.nhle.com/logos/nhl/svg/TOR_light.svg,https://assets.nhle.com/logos/nhl/svg/TOR_dark.svg,False,https://d2igy0yla8zi0u.cloudfront.net/TOR/20242025/TOR-radio.m3u8,55,Seattle,SEA,https://assets.nhle.com/logos/nhl/svg/SEA_light.svg,https://assets.nhle.com/logos/nhl/svg/SEA_dark.svg,False,https://d2igy0yla8zi0u.cloudfront.net/SEA/20242025/SEA-radio.m3u8,REG,3,,,,,,,,,,,,,,,,
54,2024020884,20242025,2,2025-02-08,False,2025-02-09T00:00:00Z,-05:00,-08:00,America/Vancouver,FUT,OK,"[{'id': 282, 'market': 'N', 'countryCode': 'CA', 'network': 'SN', 'sequenceNumber': 21}, {'id': 280, 'market': 'N', 'countryCode': 'CA', 'network': 'HNIC', 'sequenceNumber': 24}]",https://www.nhl.com/canucks/tickets/,/gamecenter/tor-vs-van/2025/02/08/2024020884,Rogers Arena,10,Toronto,TOR,https://assets.nhle.com/logos/nhl/svg/TOR_light.svg,https://assets.nhle.com/logos/nhl/svg/TOR_dark.svg,False,https://d2igy0yla8zi0u.cloudfront.net/TOR/20242025/TOR-radio.m3u8,23,Vancouver,VAN,https://assets.nhle.com/logos/nhl/svg/VAN_light.svg,https://assets.nhle.com/logos/nhl/svg/VAN_dark.svg,False,https://d2igy0yla8zi0u.cloudfront.net/VAN/20242025/VAN-radio.m3u8,REG,3,,,,,,,,,,,,,,,,
55,2024020900,20242025,2,2025-02-22,False,2025-02-23T00:00:00Z,-05:00,-05:00,America/Toronto,FUT,OK,"[{'id': 282, 'market': 'N', 'countryCode': 'CA', 'network': 'SN', 'sequenceNumber': 21}, {'id': 280, 'market': 'N', 'countryCode': 'CA', 'network': 'HNIC', 'sequenceNumber': 24}]",https://www.nhl.com/mapleleafs/tickets/,/gamecenter/car-vs-tor/2025/02/22/2024020900,Scotiabank Arena,12,Carolina,CAR,https://assets.nhle.com/logos/nhl/svg/CAR_light.svg,https://assets.nhle.com/logos/nhl/svg/CAR_dark.svg,False,https://d2igy0yla8zi0u.cloudfront.net/CAR/20242025/CAR-radio.m3u8,10,Toronto,TOR,https://assets.nhle.com/logos/nhl/svg/TOR_light.svg,https://assets.nhle.com/logos/nhl/svg/TOR_dark.svg,False,https://d2igy0yla8zi0u.cloudfront.net/TOR/20242025/TOR-radio.m3u8,REG,3,,,,,,,,,,,,Caroline,,,,
56,2024020912,20242025,2,2025-02-23,False,2025-02-24T00:00:00Z,-05:00,-06:00,America/Chicago,FUT,OK,[],https://www.nhl.com/blackhawks/tickets/,/gamecenter/tor-vs-chi/2025/02/23/2024020912,United Center,10,Toronto,TOR,https://assets.nhle.com/logos/nhl/svg/TOR_light.svg,https://assets.nhle.com/logos/nhl/svg/TOR_dark.svg,False,https://d2igy0yla8zi0u.cloudfront.net/TOR/20242025/TOR-radio.m3u8,16,Chicago,CHI,https://assets.nhle.com/logos/nhl/svg/CHI_light.svg,https://assets.nhle.com/logos/nhl/svg/CHI_dark.svg,False,https://d2igy0yla8zi0u.cloudfront.net/CHI/20242025/CHI-radio.m3u8,REG,3,,,,,,,,,,,,,,,,
57,2024020918,20242025,2,2025-02-25,False,2025-02-26T00:00:00Z,-05:00,-05:00,US/Eastern,FUT,OK,[],https://www.ticketmaster.com/event/010060D9D4E97367?brand=bostonbruins&artistid=805902&wt.mc_id=NHL_TEAM_BOS_SCHEDULE_GM32&utm_source=NHL.com&utm_medium=client&utm_campaign=NHL_TEAM_BOS&utm_content=SCHEDULE_GM32,/gamecenter/tor-vs-bos/2025/02/25/2024020918,TD Garden,10,Toronto,TOR,https://assets.nhle.com/logos/nhl/svg/TOR_light.svg,https://assets.nhle.com/logos/nhl/svg/TOR_dark.svg,False,https://d2igy0yla8zi0u.cloudfront.net/TOR/20242025/TOR-radio.m3u8,6,Boston,BOS,https://assets.nhle.com/logos/nhl/svg/BOS_light.svg,https://assets.nhle.com/logos/nhl/svg/BOS_dark.svg,False,https://d2igy0yla8zi0u.cloudfront.net/BOS/20242025/BOS-radio.m3u8,REG,3,,,,,,,,,,,,,,,,
58,2024020945,20242025,2,2025-02-28,False,2025-03-01T00:00:00Z,-05:00,-05:00,America/New_York,FUT,OK,[],https://www.ticketmaster.com/event/3B0060E3BA9C11F2?brand=nyrangers&artistid=805991&wt.mc_id=NHL_TEAM_NYR_SCHEDULE_GM29&utm_source=NHL.com&utm_medium=client&utm_campaign=NHL_TEAM_NYR&utm_content=SCHEDULE_GM29,/gamecenter/tor-vs-nyr/2025/02/28/2024020945,Madison Square Garden,10,Toronto,TOR,https://assets.nhle.com/logos/nhl/svg/TOR_light.svg,https://assets.nhle.com/logos/nhl/svg/TOR_dark.svg,False,https://d2igy0yla8zi0u.cloudfront.net/TOR/20242025/TOR-radio.m3u8,3,New York,NYR,https://assets.nhle.com/logos/nhl/svg/NYR_light.svg,https://assets.nhle.com/logos/nhl/svg/NYR_dark.svg,False,https://d2igy0yla8zi0u.cloudfront.net/NYR/20242025/NYR-radio.m3u8,REG,3,,,,,,,,,,,,,,,,
59,2024020961,20242025,2,2025-03-02,False,2025-03-02T18:00:00Z,-05:00,-05:00,US/Eastern,FUT,OK,[],https://www.ticketmaster.com/event/160060DAD97E5906?brand=penguins&artistid=806005&wt.mc_id=NHL_TEAM_PIT_SCHEDULE_GM32&utm_source=NHL.com&utm_medium=client&utm_campaign=NHL_TEAM_PIT&utm_content=SCHEDULE_GM32&CAMEFROM=NHLPENGUINS_NHL_CLUB_SCHEDULE,/gamecenter/tor-vs-pit/2025/03/02/2024020961,PPG Paints Arena,10,Toronto,TOR,https://assets.nhle.com/logos/nhl/svg/TOR_light.svg,https://assets.nhle.com/logos/nhl/svg/TOR_dark.svg,False,https://d2igy0yla8zi0u.cloudfront.net/TOR/20242025/TOR-radio.m3u8,5,Pittsburgh,PIT,https://assets.nhle.com/logos/nhl/svg/PIT_light.svg,https://assets.nhle.com/logos/nhl/svg/PIT_dark.svg,False,https://d2igy0yla8zi0u.cloudfront.net/PIT/20242025/PIT-radio.m3u8,REG,3,,,,,,,,,,,,,,,,
60,2024020971,20242025,2,2025-03-03,False,2025-03-04T00:30:00Z,-05:00,-05:00,America/Toronto,FUT,OK,"[{'id': 548, 'market': 'N', 'countryCode': 'CA', 'network': 'Prime', 'sequenceNumber': 27}]",https://www.nhl.com/mapleleafs/tickets/,/gamecenter/sjs-vs-tor/2025/03/03/2024020971,Scotiabank Arena,28,San Jose,SJS,https://assets.nhle.com/logos/nhl/svg/SJS_light.svg,https://assets.nhle.com/logos/nhl/svg/SJS_dark.svg,False,https://d2igy0yla8zi0u.cloudfront.net/SJS/20242025/SJS-radio.m3u8,10,Toronto,TOR,https://assets.nhle.com/logos/nhl/svg/TOR_light.svg,https://assets.nhle.com/logos/nhl/svg/TOR_dark.svg,False,https://d2igy0yla8zi0u.cloudfront.net/TOR/20242025/TOR-radio.m3u8,REG,3,,,,,,,,,,,,,,,,
61,2024020985,20242025,2,2025-03-05,False,2025-03-06T03:00:00Z,-05:00,-08:00,US/Pacific,FUT,OK,[],https://www.nhl.com/goldenknights/tickets/,/gamecenter/tor-vs-vgk/2025/03/05/2024020985,T-Mobile Arena,10,Toronto,TOR,https://assets.nhle.com/logos/nhl/svg/TOR_light.svg,https://assets.nhle.com/logos/nhl/svg/TOR_dark.svg,False,https://d2igy0yla8zi0u.cloudfront.net/TOR/20242025/TOR-radio.m3u8,54,Vegas,VGK,https://assets.nhle.com/logos/nhl/svg/VGK_light.svg,https://assets.nhle.com/logos/nhl/svg/VGK_dark.svg,False,https://d2igy0yla8zi0u.cloudfront.net/VGK/20242025/VGK-radio.m3u8,REG,3,,,,,,,,https://vegasgoldenknights.bookseats.com?utm_source=goldenknights&utm_medium=general&utm_campaign=schedule ,Travel Packages,https://vegasgoldenknights.bookseats.com?utm_source=goldenknights&utm_medium=general&utm_campaign=schedule ,Travel Packages,,,,,
62,2024021007,20242025,2,2025-03-08,False,2025-03-09T00:00:00Z,-05:00,-07:00,America/Denver,FUT,OK,"[{'id': 282, 'market': 'N', 'countryCode': 'CA', 'network': 'SN', 'sequenceNumber': 21}, {'id': 280, 'market': 'N', 'countryCode': 'CA', 'network': 'HNIC', 'sequenceNumber': 24}]",https://avs.social/2425_SCHEDULE_GM33,/gamecenter/tor-vs-col/2025/03/08/2024021007,Ball Arena,10,Toronto,TOR,https://assets.nhle.com/logos/nhl/svg/TOR_light.svg,https://assets.nhle.com/logos/nhl/svg/TOR_dark.svg,False,https://d2igy0yla8zi0u.cloudfront.net/TOR/20242025/TOR-radio.m3u8,21,Colorado,COL,https://assets.nhle.com/logos/nhl/svg/COL_light.svg,https://assets.nhle.com/logos/nhl/svg/COL_dark.svg,False,https://d2igy0yla8zi0u.cloudfront.net/COL/20242025/COL-radio.m3u8,REG,3,,,,,,,,,,,,,,,,
63,2024021024,20242025,2,2025-03-10,False,2025-03-11T02:00:00Z,-04:00,-06:00,America/Denver,FUT,OK,[],https://seatgeek.com/utah-hockey-club-tickets/3-10-2025-salt-lake-city-utah-delta-center-1/nhl/16965659?wid=club-web-schedule,/gamecenter/tor-vs-uta/2025/03/10/2024021024,Delta Center,10,Toronto,TOR,https://assets.nhle.com/logos/nhl/svg/TOR_light.svg,https://assets.nhle.com/logos/nhl/svg/TOR_dark.svg,False,https://d2igy0yla8zi0u.cloudfront.net/TOR/20242025/TOR-radio.m3u8,59,Utah,UTA,https://assets.nhle.com/logos/nhl/svg/UTA_light.svg,https://assets.nhle.com/logos/nhl/svg/UTA_dark.svg,False,https://d2igy0yla8zi0u.cloudfront.net/UTA/20242025/UTA-radio.m3u8,REG,3,,,,,,,,,,,,,,,,
64,2024021040,20242025,2,2025-03-13,False,2025-03-13T23:00:00Z,-04:00,-04:00,America/Toronto,FUT,OK,[],https://www.nhl.com/mapleleafs/tickets/,/gamecenter/fla-vs-tor/2025/03/13/2024021040,Scotiabank Arena,13,Florida,FLA,https://assets.nhle.com/logos/nhl/svg/FLA_light.svg,https://assets.nhle.com/logos/nhl/svg/FLA_dark.svg,False,https://d2igy0yla8zi0u.cloudfront.net/FLA/20242025/FLA-radio.m3u8,10,Toronto,TOR,https://assets.nhle.com/logos/nhl/svg/TOR_light.svg,https://assets.nhle.com/logos/nhl/svg/TOR_dark.svg,False,https://d2igy0yla8zi0u.cloudfront.net/TOR/20242025/TOR-radio.m3u8,REG,3,https://www.jetbluevacations.com/sale/florida-panthers?utm_source=panthers&utm_medium=schedule_page&utm_campaign=dates,Fly with JetBlue ,https://www.jetbluevacations.com/sale/florida-panthers?utm_source=panthers&utm_medium=schedule_page&utm_campaign=dates,Stay with JetBlue Vacations ,,,,,,,,Floride,JetBlue Vacations,,https://www.jetbluevacations.com/sale/florida-panthers?utm_source=panthers&utm_medium=schedule_page&utm_campaign=dates,
65,2024021059,20242025,2,2025-03-15,False,2025-03-15T23:00:00Z,-04:00,-04:00,America/Toronto,FUT,OK,"[{'id': 282, 'market': 'N', 'countryCode': 'CA', 'network': 'SN', 'sequenceNumber': 21}, {'id': 280, 'market': 'N', 'countryCode': 'CA', 'network': 'HNIC', 'sequenceNumber': 24}]",https://www.nhl.com/mapleleafs/tickets/,/gamecenter/ott-vs-tor/2025/03/15/2024021059,Scotiabank Arena,9,Ottawa,OTT,https://assets.nhle.com/logos/nhl/svg/OTT_light.svg,https://assets.nhle.com/logos/nhl/svg/OTT_dark.svg,False,https://d2igy0yla8zi0u.cloudfront.net/OTT/20242025/OTT-radio.m3u8,10,Toronto,TOR,https://assets.nhle.com/logos/nhl/svg/TOR_light.svg,https://assets.nhle.com/logos/nhl/svg/TOR_dark.svg,False,https://d2igy0yla8zi0u.cloudfront.net/TOR/20242025/TOR-radio.m3u8,REG,3,,,,,,,,,,,,,,,,
66,2024021076,20242025,2,2025-03-17,False,2025-03-17T23:30:00Z,-04:00,-04:00,America/Toronto,FUT,OK,"[{'id': 548, 'market': 'N', 'countryCode': 'CA', 'network': 'Prime', 'sequenceNumber': 27}]",https://www.nhl.com/mapleleafs/tickets/,/gamecenter/cgy-vs-tor/2025/03/17/2024021076,Scotiabank Arena,20,Calgary,CGY,https://assets.nhle.com/logos/nhl/svg/CGY_light.svg,https://assets.nhle.com/logos/nhl/svg/CGY_dark.svg,False,https://d2igy0yla8zi0u.cloudfront.net/CGY/20242025/CGY-radio.m3u8,10,Toronto,TOR,https://assets.nhle.com/logos/nhl/svg/TOR_light.svg,https://assets.nhle.com/logos/nhl/svg/TOR_dark.svg,False,https://d2igy0yla8zi0u.cloudfront.net/TOR/20242025/TOR-radio.m3u8,REG,3,,,,,,,,,,,,,,,,
67,2024021087,20242025,2,2025-03-19,False,2025-03-19T23:00:00Z,-04:00,-04:00,America/Toronto,FUT,OK,"[{'id': 282, 'market': 'N', 'countryCode': 'CA', 'network': 'SN', 'sequenceNumber': 21}]",https://www.nhl.com/mapleleafs/tickets/,/gamecenter/col-vs-tor/2025/03/19/2024021087,Scotiabank Arena,21,Colorado,COL,https://assets.nhle.com/logos/nhl/svg/COL_light.svg,https://assets.nhle.com/logos/nhl/svg/COL_dark.svg,False,https://d2igy0yla8zi0u.cloudfront.net/COL/20242025/COL-radio.m3u8,10,Toronto,TOR,https://assets.nhle.com/logos/nhl/svg/TOR_light.svg,https://assets.nhle.com/logos/nhl/svg/TOR_dark.svg,False,https://d2igy0yla8zi0u.cloudfront.net/TOR/20242025/TOR-radio.m3u8,REG,3,,,,,,,,,,,,,,,,
68,2024021091,20242025,2,2025-03-20,False,2025-03-20T23:00:00Z,-04:00,-04:00,America/New_York,FUT,OK,[],https://www.ticketmaster.com/event/3B0060E3BAAC1210?brand=nyrangers&artistid=805991&wt.mc_id=NHL_TEAM_NYR_SCHEDULE_GM36&utm_source=NHL.com&utm_medium=client&utm_campaign=NHL_TEAM_NYR&utm_content=SCHEDULE_GM36,/gamecenter/tor-vs-nyr/2025/03/20/2024021091,Madison Square Garden,10,Toronto,TOR,https://assets.nhle.com/logos/nhl/svg/TOR_light.svg,https://assets.nhle.com/logos/nhl/svg/TOR_dark.svg,False,https://d2igy0yla8zi0u.cloudfront.net/TOR/20242025/TOR-radio.m3u8,3,New York,NYR,https://assets.nhle.com/logos/nhl/svg/NYR_light.svg,https://assets.nhle.com/logos/nhl/svg/NYR_dark.svg,False,https://d2igy0yla8zi0u.cloudfront.net/NYR/20242025/NYR-radio.m3u8,REG,3,,,,,,,,,,,,,,,,
69,2024021114,20242025,2,2025-03-22,False,2025-03-22T23:00:00Z,-04:00,-05:00,US/Central,FUT,OK,"[{'id': 282, 'market': 'N', 'countryCode': 'CA', 'network': 'SN', 'sequenceNumber': 21}, {'id': 280, 'market': 'N', 'countryCode': 'CA', 'network': 'HNIC', 'sequenceNumber': 24}]",https://www.nhl.com/predators/tickets/,/gamecenter/tor-vs-nsh/2025/03/22/2024021114,Bridgestone Arena,10,Toronto,TOR,https://assets.nhle.com/logos/nhl/svg/TOR_light.svg,https://assets.nhle.com/logos/nhl/svg/TOR_dark.svg,False,https://d2igy0yla8zi0u.cloudfront.net/TOR/20242025/TOR-radio.m3u8,18,Nashville,NSH,https://assets.nhle.com/logos/nhl/svg/NSH_light.svg,https://assets.nhle.com/logos/nhl/svg/NSH_dark.svg,False,https://d2igy0yla8zi0u.cloudfront.net/NSH/20242025/NSH-radio.m3u8,REG,3,,,,,,,,,,,,,,,,
70,2024021130,20242025,2,2025-03-25,False,2025-03-25T23:00:00Z,-04:00,-04:00,America/Toronto,FUT,OK,[],https://www.nhl.com/mapleleafs/tickets/,/gamecenter/phi-vs-tor/2025/03/25/2024021130,Scotiabank Arena,4,Philadelphia,PHI,https://assets.nhle.com/logos/nhl/svg/PHI_light.svg,https://assets.nhle.com/logos/nhl/svg/PHI_dark.svg,False,https://d2igy0yla8zi0u.cloudfront.net/PHI/20242025/PHI-radio.m3u8,10,Toronto,TOR,https://assets.nhle.com/logos/nhl/svg/TOR_light.svg,https://assets.nhle.com/logos/nhl/svg/TOR_dark.svg,False,https://d2igy0yla8zi0u.cloudfront.net/TOR/20242025/TOR-radio.m3u8,REG,3,,,,,,,,,,,,Philadelphie,,,,
71,2024021152,20242025,2,2025-03-27,False,2025-03-28T02:30:00Z,-04:00,-07:00,US/Pacific,FUT,OK,[],https://www.ticketmaster.com/event/1C0060D8ED7B7F11?utm_source=web&utm_medium=schedule-tickets,/gamecenter/tor-vs-sjs/2025/03/27/2024021152,SAP Center at San Jose,10,Toronto,TOR,https://assets.nhle.com/logos/nhl/svg/TOR_light.svg,https://assets.nhle.com/logos/nhl/svg/TOR_dark.svg,False,https://d2igy0yla8zi0u.cloudfront.net/TOR/20242025/TOR-radio.m3u8,28,San Jose,SJS,https://assets.nhle.com/logos/nhl/svg/SJS_light.svg,https://assets.nhle.com/logos/nhl/svg/SJS_dark.svg,False,https://d2igy0yla8zi0u.cloudfront.net/SJS/20242025/SJS-radio.m3u8,REG,3,,,,,,,,,,,,,,SAP Center de San Jose,,SAP Center en San Jose
72,2024021165,20242025,2,2025-03-29,False,2025-03-29T23:00:00Z,-04:00,-07:00,America/Los_Angeles,FUT,OK,"[{'id': 282, 'market': 'N', 'countryCode': 'CA', 'network': 'SN', 'sequenceNumber': 21}, {'id': 280, 'market': 'N', 'countryCode': 'CA', 'network': 'HNIC', 'sequenceNumber': 24}]",https://www.nhl.com/kings/tickets/,/gamecenter/tor-vs-lak/2025/03/29/2024021165,Crypto.com Arena,10,Toronto,TOR,https://assets.nhle.com/logos/nhl/svg/TOR_light.svg,https://assets.nhle.com/logos/nhl/svg/TOR_dark.svg,False,https://d2igy0yla8zi0u.cloudfront.net/TOR/20242025/TOR-radio.m3u8,26,Los Angeles,LAK,https://assets.nhle.com/logos/nhl/svg/LAK_light.svg,https://assets.nhle.com/logos/nhl/svg/LAK_dark.svg,False,https://d2igy0yla8zi0u.cloudfront.net/LAK/20242025/LAK-radio.m3u8,REG,3,,,,,,,,,,,,,,,,
73,2024021176,20242025,2,2025-03-30,False,2025-03-31T00:00:00Z,-04:00,-07:00,America/Los_Angeles,FUT,OK,[],https://www.nhl.com/ducks/tickets/,/gamecenter/tor-vs-ana/2025/03/30/2024021176,Honda Center,10,Toronto,TOR,https://assets.nhle.com/logos/nhl/svg/TOR_light.svg,https://assets.nhle.com/logos/nhl/svg/TOR_dark.svg,False,https://d2igy0yla8zi0u.cloudfront.net/TOR/20242025/TOR-radio.m3u8,24,Anaheim,ANA,https://assets.nhle.com/logos/nhl/svg/ANA_light.svg,https://assets.nhle.com/logos/nhl/svg/ANA_dark.svg,False,https://d2igy0yla8zi0u.cloudfront.net/ANA/20242025/ANA-radio.m3u8,REG,3,,,,,,,,,,https://bit.ly/3RlLtQm,Stay at Westin Anaheim,,,,,
74,2024021194,20242025,2,2025-04-02,False,2025-04-02T23:30:00Z,-04:00,-04:00,America/Toronto,FUT,OK,"[{'id': 282, 'market': 'N', 'countryCode': 'CA', 'network': 'SN', 'sequenceNumber': 21}]",https://www.nhl.com/mapleleafs/tickets/,/gamecenter/fla-vs-tor/2025/04/02/2024021194,Scotiabank Arena,13,Florida,FLA,https://assets.nhle.com/logos/nhl/svg/FLA_light.svg,https://assets.nhle.com/logos/nhl/svg/FLA_dark.svg,False,https://d2igy0yla8zi0u.cloudfront.net/FLA/20242025/FLA-radio.m3u8,10,Toronto,TOR,https://assets.nhle.com/logos/nhl/svg/TOR_light.svg,https://assets.nhle.com/logos/nhl/svg/TOR_dark.svg,False,https://d2igy0yla8zi0u.cloudfront.net/TOR/20242025/TOR-radio.m3u8,REG,3,https://www.jetbluevacations.com/sale/florida-panthers?utm_source=panthers&utm_medium=schedule_page&utm_campaign=dates,Fly with JetBlue ,https://www.jetbluevacations.com/sale/florida-panthers?utm_source=panthers&utm_medium=schedule_page&utm_campaign=dates,Stay with JetBlue Vacations ,,,,,,,,Floride,JetBlue Vacations,,https://www.jetbluevacations.com/sale/florida-panthers?utm_source=panthers&utm_medium=schedule_page&utm_campaign=dates,
75,2024021216,20242025,2,2025-04-05,False,2025-04-05T23:00:00Z,-04:00,-04:00,America/Toronto,FUT,OK,"[{'id': 282, 'market': 'N', 'countryCode': 'CA', 'network': 'SN', 'sequenceNumber': 21}, {'id': 280, 'market': 'N', 'countryCode': 'CA', 'network': 'HNIC', 'sequenceNumber': 24}]",https://www.nhl.com/mapleleafs/tickets/,/gamecenter/cbj-vs-tor/2025/04/05/2024021216,Scotiabank Arena,29,Columbus,CBJ,https://assets.nhle.com/logos/nhl/svg/CBJ_light.svg,https://assets.nhle.com/logos/nhl/svg/CBJ_dark.svg,False,https://d2igy0yla8zi0u.cloudfront.net/CBJ/20242025/CBJ-radio.m3u8,10,Toronto,TOR,https://assets.nhle.com/logos/nhl/svg/TOR_light.svg,https://assets.nhle.com/logos/nhl/svg/TOR_dark.svg,False,https://d2igy0yla8zi0u.cloudfront.net/TOR/20242025/TOR-radio.m3u8,REG,3,,,,,,,,,,,,,,,,
76,2024021237,20242025,2,2025-04-08,False,2025-04-08T23:00:00Z,-04:00,-04:00,US/Eastern,FUT,OK,[],https://www.nhl.com/panthers/tickets/,/gamecenter/tor-vs-fla/2025/04/08/2024021237,Amerant Bank Arena,10,Toronto,TOR,https://assets.nhle.com/logos/nhl/svg/TOR_light.svg,https://assets.nhle.com/logos/nhl/svg/TOR_dark.svg,False,https://d2igy0yla8zi0u.cloudfront.net/TOR/20242025/TOR-radio.m3u8,13,Florida,FLA,https://assets.nhle.com/logos/nhl/svg/FLA_light.svg,https://assets.nhle.com/logos/nhl/svg/FLA_dark.svg,False,https://d2igy0yla8zi0u.cloudfront.net/FLA/20242025/FLA-radio.m3u8,REG,3,,,,,Floride,https://www.jetbluevacations.com/sale/florida-panthers?utm_source=panthers&utm_medium=schedule_page&utm_campaign=dates,JetBlue Vacations,https://www.jetbluevacations.com/sale/florida-panthers?utm_source=panthers&utm_medium=schedule_page&utm_campaign=dates,Fly with JetBlue ,https://www.jetbluevacations.com/sale/florida-panthers?utm_source=panthers&utm_medium=schedule_page&utm_campaign=dates,Stay with JetBlue Vacations ,,,,,
77,2024021245,20242025,2,2025-04-09,False,2025-04-09T23:00:00Z,-04:00,-04:00,US/Eastern,FUT,OK,"[{'id': 282, 'market': 'N', 'countryCode': 'CA', 'network': 'SN', 'sequenceNumber': 21}]",https://www.nhl.com/lightning/tickets/,/gamecenter/tor-vs-tbl/2025/04/09/2024021245,Amalie Arena,10,Toronto,TOR,https://assets.nhle.com/logos/nhl/svg/TOR_light.svg,https://assets.nhle.com/logos/nhl/svg/TOR_dark.svg,False,https://d2igy0yla8zi0u.cloudfront.net/TOR/20242025/TOR-radio.m3u8,14,Tampa Bay,TBL,https://assets.nhle.com/logos/nhl/svg/TBL_light.svg,https://assets.nhle.com/logos/nhl/svg/TBL_dark.svg,False,https://d2igy0yla8zi0u.cloudfront.net/TBL/20242025/TBL-radio.m3u8,REG,3,,,,,,,,,,,,,,,,
78,2024021269,20242025,2,2025-04-12,False,2025-04-12T23:00:00Z,-04:00,-04:00,America/Toronto,FUT,OK,"[{'id': 282, 'market': 'N', 'countryCode': 'CA', 'network': 'SN', 'sequenceNumber': 21}, {'id': 280, 'market': 'N', 'countryCode': 'CA', 'network': 'HNIC', 'sequenceNumber': 24}]",https://www.nhl.com/mapleleafs/tickets/,/gamecenter/mtl-vs-tor/2025/04/12/2024021269,Scotiabank Arena,8,Montréal,MTL,https://assets.nhle.com/logos/nhl/svg/MTL_light.svg,https://assets.nhle.com/logos/nhl/svg/MTL_dark.svg,False,https://d2igy0yla8zi0u.cloudfront.net/MTL/20242025/MTL-radio.m3u8,10,Toronto,TOR,https://assets.nhle.com/logos/nhl/svg/TOR_light.svg,https://assets.nhle.com/logos/nhl/svg/TOR_dark.svg,False,https://d2igy0yla8zi0u.cloudfront.net/TOR/20242025/TOR-radio.m3u8,REG,3,,,,,,,,,,,,,,,,
79,2024021279,20242025,2,2025-04-13,False,2025-04-13T21:00:00Z,-04:00,-04:00,US/Eastern,FUT,OK,[],https://www.nhl.com/hurricanes/tickets/,/gamecenter/tor-vs-car/2025/04/13/2024021279,PNC Arena,10,Toronto,TOR,https://assets.nhle.com/logos/nhl/svg/TOR_light.svg,https://assets.nhle.com/logos/nhl/svg/TOR_dark.svg,False,https://d2igy0yla8zi0u.cloudfront.net/TOR/20242025/TOR-radio.m3u8,12,Carolina,CAR,https://assets.nhle.com/logos/nhl/svg/CAR_light.svg,https://assets.nhle.com/logos/nhl/svg/CAR_dark.svg,False,https://d2igy0yla8zi0u.cloudfront.net/CAR/20242025/CAR-radio.m3u8,REG,3,,,,,Caroline,,,,,,,,,,,
80,2024021292,20242025,2,2025-04-15,False,2025-04-15T23:00:00Z,-04:00,-04:00,America/New_York,FUT,OK,[],https://www.nhl.com/sabres/tickets/,/gamecenter/tor-vs-buf/2025/04/15/2024021292,KeyBank Center,10,Toronto,TOR,https://assets.nhle.com/logos/nhl/svg/TOR_light.svg,https://assets.nhle.com/logos/nhl/svg/TOR_dark.svg,False,https://d2igy0yla8zi0u.cloudfront.net/TOR/20242025/TOR-radio.m3u8,7,Buffalo,BUF,https://assets.nhle.com/logos/nhl/svg/BUF_light.svg,https://assets.nhle.com/logos/nhl/svg/BUF_dark.svg,False,https://d2igy0yla8zi0u.cloudfront.net/BUF/20242025/BUF-radio.m3u8,REG,3,,,,,,,,,,,,,,,,
81,2024021308,20242025,2,2025-04-17,False,2025-04-17T23:00:00Z,-04:00,-04:00,America/Toronto,FUT,OK,[],https://www.nhl.com/mapleleafs/tickets/,/gamecenter/det-vs-tor/2025/04/17/2024021308,Scotiabank Arena,17,Detroit,DET,https://assets.nhle.com/logos/nhl/svg/DET_light.svg,https://assets.nhle.com/logos/nhl/svg/DET_dark.svg,False,https://d2igy0yla8zi0u.cloudfront.net/DET/20242025/DET-radio.m3u8,10,Toronto,TOR,https://assets.nhle.com/logos/nhl/svg/TOR_light.svg,https://assets.nhle.com/logos/nhl/svg/TOR_dark.svg,False,https://d2igy0yla8zi0u.cloudfront.net/TOR/20242025/TOR-radio.m3u8,REG,3,,,,,,,,,,,,,,,,
